<?xml version="1.0" encoding="UTF-8" standalone="yes"?>
<addon id="repository.magyarkodi" name="repository magyarkodi" version="0.0.1" provider-name="J.A. Käsefuß">
	<extension point="xbmc.addon.repository" name="magyarkodi">
		<info compressed="true">http://gilipollas.esy.es/repository/addons.xml</info>
		<checksum>http://gilipollas.esy.es/repository/addons.xml.md5</checksum>
		<datadir zip="true">http://gilipollas.esy.es/repository/plugins/</datadir>
	</extension>
	<extension point="xbmc.addon.metadata">
		<summary lang="en">repository magyarkodi</summary>
		<description lang="en">repository magyarkodi</description>
		<disclaimer></disclaimer>
		<platform>all</platform>
	</extension>
</addon>

